Variable,VIF
const,105.96933251494225
treat,2.0028913500359393
post,1.479366866404674
treat_post,2.4718801789150366
manager_age,1.010561155185993
manager_experience,1.0032644548657863
manager_education,1.0048640566891418
